id_state,id_town,Value,avg_temp,avg_prec
1,1,350,14.96,0.0
1,2,272,13.16,0.0
1,3,540,13.56,0.0
1,4,854,13.475000000000001,0.0
1,5,153,13.52,0.0
1,6,139,13.875,0.0
1,7,342,13.254999999999999,0.0
1,8,930,11.355,0.0
1,9,135,13.775,0.0
1,10,305,13.705,0.0
1,11,802,13.95,0.0
2,1,239,13.375,0.0
2,2,59,19.785,0.0
2,3,275,11.065,0.0
2,4,271,12.899999999999999,0.0
2,5,48,14.05,0.0
3,1,29,15.989999999999998,0.0
3,2,584,14.34,0.0
3,3,334,17.5,0.0
3,8,615,18.575,0.0
3,9,212,16.950000000000003,0.0
4,1,627,24.54,0.0
4,2,448,24.795,0.0
4,3,606,24.61,0.31
4,4,773,25.125,0.07
4,5,887,24.225,0.0
4,6,536,22.564999999999998,0.0
4,7,811,22.53,0.255
4,8,238,24.759999999999998,0.0
4,9,79,24.79,0.065
4,10,937,23.52,0.255
4,11,559,24.68,0.30000000000000004
5,1,497,18.9,0.0
5,2,750,16.634999999999998,0.0
5,3,343,16.869999999999997,0.0
5,4,236,9.525,0.0
5,5,243,17.255000000000003,0.0
5,6,378,15.67,0.0
5,7,815,14.739999999999998,0.0
5,8,767,18.33,0.0
5,9,47,16.515,0.0
5,10,785,18.564999999999998,0.0
5,11,229,12.555,0.015
5,12,845,18.1,0.0
5,13,234,18.165,0.0
5,14,584,17.744999999999997,0.0
5,15,341,18.18,0.0
5,16,701,15.315,0.0
5,17,766,16.695,0.035
5,18,901,18.245,0.0
5,19,275,16.79,0.0
5,20,94,12.605,0.0
5,21,904,16.305,0.0
5,22,191,18.1,0.0
5,23,661,14.84,0.0
5,24,955,14.100000000000001,0.14
5,25,962,17.815,0.0
5,26,523,18.439999999999998,0.0
5,27,950,13.629999999999999,0.0
5,28,809,17.740000000000002,0.0
5,29,770,17.21,0.0
5,30,733,10.91,0.055
5,31,81,12.735,0.0
5,32,284,16.884999999999998,0.0
5,33,507,16.015,0.0
5,34,88,15.225000000000001,0.0
5,35,97,16.4,0.22999999999999998
5,36,278,16.485,0.26
5,37,207,16.84,0.0
5,38,898,15.375,0.0
6,1,592,20.145,0.0
6,2,705,18.36,0.0
6,3,48,17.130000000000003,0.0
6,4,708,18.52,0.0
6,5,734,16.745,0.0
6,6,216,18.695,0.0
6,7,680,20.945,0.0
6,8,73,17.25,0.0
6,9,958,22.244999999999997,0.0
6,10,289,17.905,0.0
7,1,993,19.28,0.07500000000000001
7,2,983,21.905,0.01
7,3,959,24.325000000000003,0.08
7,4,334,16.055,0.14
7,5,628,19.435000000000002,0.45499999999999996
7,6,223,14.305,0.005
7,7,359,13.79,0.02
7,8,218,17.630000000000003,0.03
7,9,358,26.825000000000003,0.005
7,10,97,13.395,0.0
7,11,37,15.15,0.0
7,12,924,20.245,0.21500000000000002
7,13,805,16.66,0.16499999999999998
7,14,363,14.89,0.12000000000000001
7,15,730,17.99,0.01
7,16,221,22.700000000000003,0.28500000000000003
7,17,309,23.225,0.385
7,18,445,18.945,0.19
7,19,61,15.280000000000001,0.05
7,20,559,17.935000000000002,0.025
7,21,847,19.18,0.2
7,22,221,13.0,0.11
7,23,689,13.625,0.03
7,24,319,13.535,0.12
7,25,701,18.93,0.365
7,26,464,12.635,0.08
7,27,534,21.585,0.09
7,28,223,22.205,0.0
7,29,391,18.55,0.075
7,30,319,17.545,0.0
7,31,115,18.145,0.265
7,32,394,19.14,0.1
7,33,718,20.91,0.33
7,34,918,18.415,0.0
7,35,790,26.119999999999997,0.0
7,36,665,13.545,0.01
7,37,690,23.655,0.1
7,38,326,12.155000000000001,0.07500000000000001
7,39,457,15.66,0.39
7,40,830,23.815,0.1
7,41,484,15.85,0.21000000000000002
7,42,301,16.665,0.45499999999999996
7,43,901,20.295,0.345
7,44,634,17.1,0.07
7,45,234,20.52,0.37
7,46,227,23.625,0.245
7,47,622,13.67,0.26
7,48,663,23.585,1.005
7,49,668,12.975000000000001,0.055
7,50,490,23.17,0.25
7,51,118,19.939999999999998,0.060000000000000005
7,52,163,16.25,0.295
7,53,665,13.184999999999999,0.04
7,54,76,26.39,0.1
7,55,838,25.155,0.0
7,56,879,11.485,0.03
7,57,549,15.745000000000001,0.09
7,58,409,20.12,0.0
7,59,543,20.025,0.7050000000000001
7,60,689,19.375,0.265
7,61,276,20.700000000000003,0.45
7,62,515,22.965,1.3150000000000002
7,63,202,19.68,0.04
7,64,911,13.285,0.165
7,65,480,22.729999999999997,0.5
7,66,961,14.575,0.19
7,67,40,17.545,0.315
7,68,39,22.545,1.0550000000000002
7,69,310,22.314999999999998,0.02
7,70,548,13.61,0.034999999999999996
7,71,534,24.455,0.1
7,72,280,14.52,0.505
7,73,381,15.735,0.35
7,74,420,24.675,1.25
7,75,720,16.835,0.0
7,76,42,17.295,0.37
7,77,129,21.240000000000002,0.23
7,78,397,15.175,0.02
7,79,828,19.665,0.17
7,80,637,13.82,0.05
7,81,754,14.41,0.365
7,82,378,15.010000000000002,0.195
7,83,448,19.5,0.005
7,84,94,18.285,0.43
7,85,740,17.91,0.08
7,86,218,21.845,0.0
7,87,829,27.244999999999997,0.005
7,88,492,22.96,0.5549999999999999
7,89,11,23.095,0.06
7,90,455,18.240000000000002,0.28
7,91,633,16.299999999999997,0.38
7,92,500,22.835,0.94
7,93,665,11.76,0.1
7,94,474,15.485,0.025
7,96,39,18.755,0.33
7,97,823,25.955,0.0
7,98,881,20.85,0.0
7,99,24,17.595,0.21000000000000002
7,100,210,18.38,0.315
7,101,691,20.85,0.12000000000000001
7,102,299,23.41,0.0
7,103,228,20.744999999999997,0.08499999999999999
7,104,699,18.495,0.02
7,105,740,17.17,0.0
7,106,671,21.240000000000002,0.0
7,107,139,21.34,0.005
7,108,481,23.215,0.15
7,109,936,16.59,0.305
7,110,703,19.935000000000002,0.0
7,111,988,18.189999999999998,0.015
7,112,224,13.66,0.135
7,113,245,12.510000000000002,0.0
7,114,267,22.115000000000002,0.095
7,115,261,19.54,0.21000000000000002
7,116,569,21.94,0.165
7,117,871,17.4,0.01
7,118,758,13.94,0.33
7,119,82,12.605,0.05
7,120,115,13.82,0.05
7,121,112,14.775,0.425
7,122,223,24.87,0.005
7,123,74,25.115000000000002,0.005
7,124,772,23.520000000000003,0.41500000000000004
8,1,15,14.04,0.0
8,2,395,15.565,0.0
8,3,555,15.86,0.0
8,4,506,16.375,0.0
8,5,502,16.41,0.0
8,6,289,10.370000000000001,0.0
8,7,421,8.105,0.0
8,8,41,18.335,0.0
8,9,485,9.254999999999999,0.0
8,10,273,13.73,0.0
8,11,647,13.505,0.0
8,12,590,12.94,0.0
8,13,772,10.39,0.0
8,14,351,14.795,0.0
8,15,444,15.64,0.0
8,16,613,14.94,0.0
8,17,643,10.985,0.0
8,18,171,12.905000000000001,0.0
8,19,695,12.235,0.0
8,20,643,17.44,0.0
8,21,78,16.575,0.0
8,22,486,15.455,0.0
8,23,778,13.93,0.0
8,24,839,13.809999999999999,0.0
8,25,128,9.125,0.0
8,26,65,14.030000000000001,0.0
8,27,265,9.91,0.0
8,28,653,14.855,0.0
8,29,755,10.17,0.0
8,30,236,19.314999999999998,0.0
8,31,258,11.280000000000001,0.0
8,32,304,15.29,0.0
8,33,756,14.98,0.0
8,34,474,9.635,0.0
8,35,474,14.07,0.0
8,36,897,15.785,0.0
8,37,613,16.564999999999998,0.0
8,38,374,16.07,0.0
8,39,562,15.885,0.0
8,40,369,8.39,0.0
8,41,682,16.405,0.0
8,42,87,16.36,0.0
8,43,323,8.415,0.0
8,44,133,13.780000000000001,0.0
8,45,49,15.415,0.0
8,46,710,16.605,0.0
8,47,693,11.01,0.0
8,48,446,8.940000000000001,0.0
8,49,721,12.675,0.0
8,50,572,13.04,0.0
8,51,853,12.925,0.0
8,52,353,16.845,0.0
8,53,505,16.35,0.0
8,54,644,10.32,0.0
8,55,883,15.825,0.0
8,56,216,13.46,0.0
8,57,197,14.475,0.0
8,58,473,17.104999999999997,0.0
8,59,853,13.39,0.0
8,60,838,13.16,0.0
8,61,968,16.315,0.0
8,62,820,16.64,0.0
8,63,434,8.57,0.0
8,64,949,14.309999999999999,0.0
8,65,239,20.4,0.0
8,66,782,14.915,0.0
8,67,452,16.875,0.0
9,2,771,12.065000000000001,0.2
9,3,237,12.52,0.12
9,4,651,7.84,0.22499999999999998
9,5,933,13.575,0.15
9,6,200,13.95,0.09
9,7,856,13.64,0.14
9,8,547,7.935,0.21
9,9,932,14.135000000000002,0.135
9,10,547,10.739999999999998,0.215
9,11,208,13.49,0.13
9,12,834,10.68,0.2
9,13,202,13.19,0.15000000000000002
9,14,854,13.364999999999998,0.115
9,15,348,13.280000000000001,0.115
9,16,704,11.615,0.19999999999999998
9,17,947,14.095,0.09
10,1,440,11.33,0.0
10,2,542,12.594999999999999,0.0
10,3,372,13.825,0.0
10,4,824,14.75,0.35
10,5,296,10.825,0.0
10,6,716,16.115000000000002,0.5
10,7,81,16.595,0.0
10,8,251,15.274999999999999,0.035
10,9,99,8.905,0.0
10,10,868,14.690000000000001,0.0
10,11,964,15.55,0.0
10,12,946,15.445,0.015
10,13,785,16.59,0.0
10,14,144,11.285,0.0
10,15,757,16.505000000000003,0.005
10,16,285,14.690000000000001,0.0
10,17,298,12.56,0.0
10,18,314,14.97,0.0
10,19,95,8.504999999999999,0.0
10,20,788,15.28,0.0
10,21,621,15.285,0.1
10,22,679,15.795000000000002,0.0
10,23,473,11.059999999999999,0.0
10,24,124,15.889999999999999,0.0
10,25,669,13.0,0.0
10,26,20,8.725000000000001,0.0
10,27,34,15.745000000000001,0.195
10,28,25,14.805,0.0
10,29,752,15.690000000000001,0.0
10,30,51,15.03,0.0
10,31,784,14.885,0.355
10,32,764,10.16,0.0
10,33,235,10.07,0.0
10,34,453,15.309999999999999,0.0
10,35,105,8.82,0.0
10,36,899,18.244999999999997,0.0
10,37,364,11.495000000000001,0.0
10,38,221,14.305,0.0
10,39,103,11.26,0.0
11,1,877,17.65,0.0
11,2,725,12.57,0.0
11,3,188,13.995000000000001,0.03
11,4,791,15.115,0.0
11,5,73,16.2,0.0
11,6,508,10.745000000000001,0.07
11,7,555,16.575000000000003,0.0
11,8,274,16.215,0.0
11,9,575,15.754999999999999,0.0
11,10,802,11.205,0.0
11,11,802,16.705,0.0
11,12,230,16.91,0.0
11,13,677,10.17,0.08
11,14,247,13.195,0.07
11,15,765,14.45,0.0
11,16,241,17.700000000000003,0.0
11,17,721,17.055,0.0
11,18,496,16.395,0.0
11,19,499,12.350000000000001,0.0
11,20,844,15.19,0.01
11,21,318,14.385,0.0
11,22,571,12.675,0.09
11,23,96,17.645,0.0
11,24,700,18.09,0.0
11,25,145,15.6,0.0
11,26,147,16.47,0.0
11,27,823,17.055,0.0
11,28,347,14.675,0.0
11,29,533,11.92,0.1
11,30,562,12.915,0.1
11,31,782,15.665,0.0
11,32,167,11.850000000000001,0.065
11,33,559,10.350000000000001,0.08
11,34,487,10.695,0.05
11,35,491,16.025,0.0
11,36,366,14.52,0.0
11,37,291,15.895,0.0
11,38,407,11.235,0.0
11,39,830,14.934999999999999,0.0
11,40,235,11.615,0.1
11,41,777,14.41,0.0
11,42,934,16.95,0.0
11,43,584,10.245000000000001,0.1
11,44,797,17.295,0.0
11,45,120,10.510000000000002,0.1
11,46,754,15.145,0.0
12,1,512,22.575,0.0
12,2,93,22.48,0.0
12,3,537,24.01,0.0
12,4,531,21.28,0.0
12,5,450,24.78,0.005
12,6,624,25.64,0.075
12,7,843,26.765,0.025
12,8,915,25.39,0.025
12,9,146,20.369999999999997,0.0
12,10,142,20.895,0.0
12,11,402,21.065,0.0
12,12,98,22.42,0.0
12,13,785,24.13,0.0
12,14,587,26.525,0.0
12,15,863,24.05,0.045
12,16,252,23.935000000000002,0.0
12,17,961,25.240000000000002,0.1
12,18,704,25.22,0.0
12,19,399,24.564999999999998,0.005
12,20,173,21.42,0.0
12,21,227,21.395000000000003,0.0
12,22,652,25.455,0.0
12,23,911,24.645000000000003,0.0
12,24,286,24.020000000000003,0.0
12,25,245,24.205,0.0
12,26,146,24.655,0.085
12,27,340,27.145000000000003,0.0
12,28,843,19.6,0.0
12,29,503,17.465,0.0
12,30,68,24.47,0.0
12,31,875,24.560000000000002,0.0
12,32,525,20.064999999999998,0.065
12,33,507,25.185,0.025
12,34,409,24.939999999999998,0.07500000000000001
12,35,447,25.36,0.11499999999999999
12,36,344,23.92,0.0
12,37,216,21.52,0.0
12,38,647,25.424999999999997,0.0
12,39,576,20.060000000000002,0.0
12,40,846,18.009999999999998,0.005
12,41,995,21.48,0.0
12,42,874,22.16,0.05
12,43,144,21.705,0.0
12,44,822,20.16,0.0
12,45,155,24.7,0.0
12,46,756,24.105,0.0
12,47,788,20.71,0.0
12,48,508,24.799999999999997,0.0
12,49,497,19.86,0.05
12,50,910,30.25,0.0
12,51,72,20.515,0.0
12,52,844,23.42,0.0
12,53,308,23.439999999999998,0.0
12,54,449,22.12,0.03
12,55,674,21.68,0.025
12,56,60,22.435000000000002,0.0
12,57,923,23.77,0.0
12,58,496,23.505000000000003,0.035
12,59,470,25.805,0.1
12,60,388,19.555,0.03
12,61,945,18.895,0.0
12,62,991,23.195,0.0
12,63,760,20.79,0.0
12,64,470,28.490000000000002,0.0
12,65,509,23.865000000000002,0.01
12,66,645,23.64,0.005
12,67,447,29.36,0.0
12,68,266,25.265,0.0
12,69,482,22.335,0.0
12,70,27,25.725,0.030000000000000002
12,71,175,23.1,0.0
12,72,60,16.255,0.0
12,73,37,25.645,0.0
12,74,297,20.825000000000003,0.0
12,75,616,21.38,0.1
12,76,405,21.33,0.0
12,77,941,24.545,0.0
12,78,211,22.175,0.0
12,79,214,20.259999999999998,0.0
12,80,427,24.47,0.0
12,81,669,22.47,0.0
13,1,201,8.805,0.21000000000000002
13,2,997,9.725,0.12000000000000001
13,3,740,9.985,0.16999999999999998
13,4,833,11.120000000000001,0.255
13,5,28,10.785,0.0
13,6,514,12.405000000000001,0.13
13,7,363,8.52,0.1
13,8,23,9.190000000000001,0.05
13,9,482,9.625,0.05
13,10,484,10.96,0.005
13,11,74,19.205,0.02
13,12,979,9.165,0.32
13,13,456,10.844999999999999,0.034999999999999996
13,14,641,16.25,0.24
13,15,248,12.945,0.25
13,16,525,8.1,0.105
13,17,86,10.530000000000001,0.035
13,18,97,15.41,0.06
13,19,685,11.6,0.10500000000000001
13,20,626,13.29,0.4
13,21,832,10.49,0.02
13,22,104,8.32,0.060000000000000005
13,23,205,10.524999999999999,0.015
13,24,211,8.355,0.23
13,25,76,19.82,0.03
13,26,884,18.04,0.06
13,27,846,16.045,0.14
13,28,492,19.549999999999997,0.01
13,29,354,11.915,0.055
13,30,660,13.18,0.25
13,31,791,14.54,0.21500000000000002
13,32,661,19.310000000000002,0.0
13,33,510,13.795,0.38
13,34,781,15.2,0.285
13,35,574,9.629999999999999,0.175
13,36,201,11.185,0.375
13,37,577,11.92,0.41500000000000004
13,38,617,8.415,0.1
13,39,262,7.779999999999999,0.025
13,40,539,14.675,0.1
13,41,127,10.895,0.04
13,42,529,14.09,0.4
13,43,782,14.09,0.235
13,44,179,10.52,0.01
13,45,199,7.705,0.115
13,46,194,19.595,0.005
13,47,782,15.48,0.145
13,48,450,9.86,0.060000000000000005
13,49,659,15.905,0.02
13,50,163,11.35,0.07
13,51,252,9.690000000000001,0.035
13,52,955,10.3,0.034999999999999996
13,53,409,14.335,0.28500000000000003
13,54,349,10.795000000000002,0.09
13,55,484,11.265,0.155
13,56,837,7.87,0.055
13,57,730,7.8149999999999995,0.07
13,58,177,13.985,0.175
13,59,540,13.870000000000001,0.11
13,60,297,11.705,0.175
13,61,722,9.245000000000001,0.04
13,62,195,15.504999999999999,0.13
13,63,643,9.745,0.065
13,64,217,10.565,0.015
13,65,570,10.844999999999999,0.0
13,66,767,11.335,0.0
13,67,216,10.955,0.0
13,68,673,14.29,0.33999999999999997
13,69,342,12.125,0.005
13,70,690,10.9,0.0
13,71,653,13.835,0.285
13,72,324,10.440000000000001,0.0
13,73,415,16.814999999999998,0.165
13,74,804,10.955,0.0
13,75,745,11.25,0.0
13,76,197,10.325,0.015
13,77,783,8.844999999999999,0.1
13,78,683,18.195,0.085
13,79,182,14.125,0.4
13,80,270,18.09,0.065
13,81,572,12.585,0.37
13,82,682,10.885000000000002,0.005
13,83,985,9.955,0.0
13,84,443,14.79,0.235
14,1,760,17.744999999999997,0.0
14,2,461,15.535,0.0
14,3,992,14.925,0.0
14,4,297,13.32,0.0
14,5,267,17.15,0.0
14,6,668,14.76,0.0
14,7,668,15.18,0.0
14,8,946,16.165,0.0
14,9,811,16.165,0.0
14,10,644,13.495000000000001,0.0
14,11,21,14.22,0.0
14,12,793,15.315000000000001,0.0
14,13,288,18.130000000000003,0.0
14,14,548,15.364999999999998,0.0
14,15,829,12.985,0.0
14,16,922,18.4,0.0
14,17,376,14.545000000000002,0.0
14,18,157,19.18,0.0
14,19,601,16.185000000000002,0.0
14,20,793,23.305,0.0
14,21,485,16.37,0.0
14,22,759,21.665,0.0
14,23,659,12.649999999999999,0.0
14,24,669,14.34,0.0
14,25,728,15.114999999999998,0.0
14,26,17,16.65,0.0
14,27,821,15.105,0.0
14,28,433,14.99,0.0
14,29,103,17.74,0.0
14,30,487,20.990000000000002,0.0
14,31,958,16.18,0.0
14,32,822,13.184999999999999,0.0
14,33,661,18.05,0.0
14,34,520,13.344999999999999,0.0
14,35,926,16.13,0.0
14,36,102,14.855,0.0
14,37,308,12.36,0.0
14,38,467,15.954999999999998,0.0
14,39,774,17.835,0.0
14,40,319,16.65,0.0
14,41,300,14.625,0.0
14,42,934,14.955,0.0
14,43,576,21.835,0.0
14,44,748,20.42,0.0
14,45,873,18.47,0.0
14,46,182,17.060000000000002,0.0
14,47,594,20.505000000000003,0.0
14,48,384,16.63,0.0
14,49,427,24.215,0.0
14,50,451,18.340000000000003,0.0
14,51,793,19.0,0.0
14,52,954,13.785,0.0
14,53,752,15.0,0.03
14,54,752,13.045,0.0
14,55,49,15.9,0.0
14,56,563,22.58,0.0
14,57,60,17.34,0.0
14,58,611,17.63,0.0
14,59,229,17.604999999999997,0.0
14,60,631,16.705,0.0
14,61,270,15.415,0.0
14,62,293,15.315,0.0
14,63,202,19.775,0.0
14,64,948,12.455,0.04
14,65,336,19.42,0.0
14,66,317,20.905,0.0
14,67,722,20.78,0.0
14,68,450,19.025,0.0
14,69,461,19.335,0.0
14,70,510,18.47,0.0
14,71,818,19.1,0.0
14,72,179,16.044999999999998,0.0
14,73,523,16.93,0.0
14,74,136,16.17,0.0
14,75,138,15.375,0.0
14,76,934,16.39,0.0
14,77,942,14.59,0.0
14,78,624,16.29,0.0
14,79,96,15.355,0.0
14,80,296,18.985,0.0
14,81,494,14.975000000000001,0.0
14,82,863,12.925,0.0
14,83,785,15.475,0.0
14,84,451,19.895,0.0
14,85,640,16.564999999999998,0.0
14,86,740,12.15,0.0
14,87,919,19.225,0.0
14,88,336,14.1,0.0
14,89,589,14.65,0.0
14,90,758,13.864999999999998,0.0
14,91,874,16.615000000000002,0.0
14,92,210,17.77,0.0
14,93,180,17.085,0.0
14,94,970,17.575000000000003,0.0
14,95,381,15.055,0.0
14,96,183,19.355,0.0
14,97,506,17.79,0.0
14,98,631,17.7,0.0
14,99,174,9.905000000000001,0.0
14,100,140,22.675,0.0
14,101,419,18.545,0.0
14,102,702,13.145,0.0
14,103,459,14.95,0.0
14,104,679,15.325,0.0
14,105,993,18.395,0.0
14,106,749,11.43,0.0
14,107,910,19.06,0.0
14,108,649,14.86,0.0
14,109,732,16.085,0.0
14,110,22,13.504999999999999,0.0
14,111,651,16.759999999999998,0.0
14,112,707,18.494999999999997,0.0
14,113,934,10.809999999999999,0.0
14,114,18,14.635000000000002,0.0
14,115,182,16.490000000000002,0.0
14,116,865,15.535,0.0
14,117,741,16.915,0.0
14,118,62,16.674999999999997,0.0
14,119,116,15.440000000000001,0.0
14,120,595,17.575,0.0
14,121,404,14.225,0.0
14,122,739,16.015,0.0
14,123,173,19.2,0.0
14,124,392,18.384999999999998,0.0
14,125,963,16.25,0.0
15,1,953,10.305,0.005
15,2,329,13.945,0.0
15,3,567,10.535,0.0
15,4,434,14.625,0.02
15,5,401,9.559999999999999,0.10500000000000001
15,6,525,12.440000000000001,0.2
15,7,459,6.845,0.025
15,8,83,22.990000000000002,0.0
15,9,335,11.61,0.08
15,10,231,11.02,0.005
15,11,990,14.754999999999999,0.03
15,12,998,12.04,0.25
15,13,807,10.23,0.2
15,14,324,10.585,0.01
15,15,677,13.085,0.105
15,16,594,12.0,0.015
15,17,631,12.094999999999999,0.08
15,18,640,10.81,0.06
15,19,545,11.69,0.25
15,20,492,12.955,0.08
15,21,881,13.870000000000001,0.065
15,22,676,8.625,0.09
15,23,232,10.97,0.055
15,24,897,11.59,0.11499999999999999
15,25,224,7.970000000000001,0.15000000000000002
15,26,779,7.8,0.065
15,27,134,6.1,0.21500000000000002
15,28,388,14.605,0.030000000000000002
15,29,27,11.120000000000001,0.035
15,30,227,14.775,0.005
15,31,359,13.675,0.035
15,32,332,9.835,0.0
15,33,749,14.525,0.065
15,34,181,9.92,0.1
15,35,879,10.72,0.065
15,36,880,11.335,0.01
15,37,49,8.105,0.215
15,38,625,10.245000000000001,0.145
15,39,880,8.25,0.14
15,40,824,13.545,0.04
15,41,926,13.23,0.0
15,42,475,10.485,0.060000000000000005
15,43,778,6.6,0.14
15,44,370,12.094999999999999,0.034999999999999996
15,45,923,9.3,0.034999999999999996
15,46,575,7.13,0.20500000000000002
15,47,620,6.154999999999999,0.09
15,48,481,10.254999999999999,0.04
15,49,81,13.45,0.17
15,50,533,11.265,0.06
15,51,162,10.535,0.25
15,52,235,14.925,0.105
15,53,86,11.835,0.07
15,54,408,6.025,0.21500000000000002
15,55,835,5.87,0.075
15,56,115,7.385,0.07500000000000001
15,57,602,10.04,0.15
15,58,680,14.665,0.1
15,59,651,12.864999999999998,0.025
15,60,659,7.335,0.175
15,61,16,11.855,0.005
15,62,628,6.445,0.25
15,63,824,9.855,0.15000000000000002
15,64,438,9.76,0.0
15,65,432,12.684999999999999,0.03
15,66,250,18.125,0.0
15,67,985,9.745,0.16499999999999998
15,68,339,13.295000000000002,0.065
15,69,139,14.6,0.005
15,70,101,12.485,0.045
15,71,471,10.82,0.0
15,72,593,11.835,0.185
15,73,626,12.04,0.25
15,74,420,13.379999999999999,0.015
15,75,518,12.975,0.02
15,76,296,6.1899999999999995,0.25
15,77,970,13.515,0.01
15,78,13,15.58,0.0
15,79,556,9.65,0.015
15,80,494,18.810000000000002,0.005
15,81,893,13.325,0.04
15,82,853,19.34,0.0
15,83,519,8.695,0.0
15,84,599,12.385000000000002,0.005
15,85,734,10.14,0.0
15,86,331,9.795,0.065
15,87,402,9.705,0.135
15,88,681,15.705,0.11
15,89,660,9.91,0.075
15,90,279,12.4,0.16
15,91,558,11.365,0.065
15,92,648,13.504999999999999,0.025
15,93,756,12.085,0.065
15,94,842,10.64,0.10500000000000001
15,95,96,9.495000000000001,0.145
15,96,612,11.170000000000002,0.025
15,97,60,12.91,0.025
15,98,184,6.039999999999999,0.2
15,99,955,11.940000000000001,0.115
15,100,403,14.475000000000001,0.025
15,101,169,11.69,0.25
15,102,903,9.260000000000002,0.015
15,103,711,4.43,0.1
15,104,819,12.735,0.155
15,105,470,25.560000000000002,0.0
15,106,71,9.86,0.21000000000000002
15,107,1000,18.535,0.045
15,108,223,12.245000000000001,0.09000000000000001
15,109,345,12.3,0.085
15,110,469,11.34,0.01
15,111,105,9.865,0.0
15,112,140,7.375,0.095
15,113,762,13.18,0.07500000000000001
15,114,313,13.58,0.04
15,115,524,10.285,0.185
15,116,944,16.605,0.0
15,117,768,17.125,0.02
15,118,645,9.780000000000001,0.11000000000000001
15,119,428,17.91,0.07500000000000001
15,120,215,12.015,0.025
15,121,789,11.18,0.14
15,122,50,11.95,0.12000000000000001
15,123,485,21.675,0.0
15,124,563,11.195,0.0
15,125,762,13.309999999999999,0.04
16,1,132,15.370000000000001,0.0
16,2,738,22.165,0.0
16,3,531,13.035,0.0
16,4,429,17.73,0.0
16,5,127,6.12,0.0
16,6,632,26.36,0.0
16,7,831,7.015000000000001,0.0
16,8,664,22.415,0.0
16,9,972,20.46,0.0
16,10,685,22.62,0.0
16,11,828,19.765,0.0
16,12,969,26.509999999999998,0.0
16,13,312,24.325000000000003,0.0
16,14,569,21.43,0.0
16,15,611,19.435000000000002,0.0
16,16,626,12.59,0.0
16,17,852,9.129999999999999,0.0
16,18,516,13.545,0.0
16,19,387,20.130000000000003,0.0
16,20,931,13.629999999999999,0.0
16,21,338,14.43,0.0
16,22,440,13.665,0.0
16,23,133,18.95,0.0
16,24,45,11.965,0.0
16,25,375,13.52,0.0
16,26,859,19.865000000000002,0.0
16,27,45,13.510000000000002,0.0
16,28,240,17.78,0.0
16,29,362,24.1,0.0
16,30,654,18.56,0.0
16,31,173,10.195,0.0
16,32,602,12.3,0.0
16,33,944,21.8,0.0
16,34,421,12.015,0.0
16,35,443,25.765,0.0
16,36,33,13.765,0.0
16,37,876,13.305,0.0
16,38,195,26.115000000000002,0.0
16,39,845,13.89,0.0
16,40,210,12.175,0.0
16,41,420,7.24,0.0
16,42,779,18.975,0.0
16,43,761,17.755,0.0
16,44,131,13.99,0.0
16,45,158,19.015,0.0
16,46,183,17.7,0.0
16,47,57,13.59,0.0
16,48,807,13.74,0.0
16,49,440,19.225,0.0
16,50,482,8.77,0.0
16,51,763,18.32,0.0
16,52,824,24.740000000000002,0.0
16,53,73,13.7,0.0
16,54,47,13.86,0.0
16,55,472,26.905,0.0
16,56,509,11.739999999999998,0.0
16,57,444,22.965000000000003,0.0
16,58,484,16.395,0.0
16,59,36,20.895000000000003,0.0
16,60,814,18.185000000000002,0.0
16,61,684,6.695,0.0
16,62,386,19.315,0.0
16,63,474,15.675,0.0
16,64,961,25.83,0.0
16,65,367,12.175,0.0
16,66,677,13.79,0.0
16,67,502,17.335,0.0
16,68,999,21.045,0.0
16,69,904,18.14,0.0
16,70,736,14.399999999999999,0.0
16,71,945,15.690000000000001,0.0
16,72,762,11.76,0.0
16,73,321,12.715,0.0
16,74,215,19.74,0.0
16,75,364,18.045,0.0
16,76,393,19.155,0.0
16,77,800,28.555,0.0
16,78,632,13.815,0.0
16,79,789,15.875,0.0
16,80,51,6.54,0.0
16,81,859,17.965,0.0
16,82,264,18.915,0.0
16,83,786,21.755000000000003,0.0
16,84,418,18.68,0.0
16,85,173,16.235,0.0
16,86,367,18.92,0.0
16,87,131,17.0,0.0
16,88,365,13.265,0.0
16,89,132,24.78,0.0
16,90,883,12.594999999999999,0.0
16,91,237,18.87,0.0
16,92,892,23.865000000000002,0.0
16,93,546,7.54,0.0
16,94,264,16.534999999999997,0.0
16,95,248,21.259999999999998,0.0
16,96,362,21.1,0.0
16,97,426,23.13,0.0
16,98,78,9.620000000000001,0.0
16,99,624,20.935,0.0
16,100,588,12.985,0.0
16,101,148,17.47,0.0
16,102,197,14.925,0.0
16,103,62,19.935000000000002,0.0
16,104,860,19.21,0.0
16,105,27,19.065,0.0
16,106,672,18.66,0.0
16,107,85,12.73,0.0
16,108,481,18.295,0.0
16,109,972,17.895,0.0
16,110,566,10.995000000000001,0.0
16,111,123,13.965,0.0
16,112,38,10.23,0.0
16,113,669,17.655,0.0
17,1,205,23.685,0.04
17,2,693,14.065,0.09
17,3,198,24.125,0.015
17,4,789,22.44,0.03
17,5,64,21.645,0.055
17,6,177,19.8,0.05
17,7,261,16.555,0.075
17,8,667,23.445,0.025
17,9,348,10.015,0.135
17,10,500,21.46,0.01
17,11,128,21.875,0.035
17,12,494,25.21,0.05
17,13,54,20.915,0.0
17,14,551,23.155,0.03
17,15,909,20.595,0.07
17,16,285,13.595,0.07
17,17,359,24.689999999999998,0.05
17,18,612,19.595,0.05
17,19,377,23.48,0.005
17,20,584,18.134999999999998,0.11
17,21,441,22.05,0.03
17,22,435,10.54,0.07500000000000001
17,23,382,15.295,0.10500000000000001
17,24,85,24.335,0.03
17,25,930,25.31,0.05
17,26,15,17.244999999999997,0.1
17,27,744,13.67,0.1
17,28,780,23.955,0.03
17,29,119,21.065,0.07
17,30,245,16.645,0.07
17,31,650,25.08,0.0
17,32,384,16.07,0.045
17,33,459,18.939999999999998,0.01
18,1,506,16.634999999999998,0.0
18,2,197,16.189999999999998,0.0
18,3,846,15.56,0.0
18,4,311,20.015,0.0
18,5,318,15.075,0.0
18,6,325,15.655000000000001,0.0
18,7,891,15.61,0.0
18,8,470,18.02,0.0
18,9,264,15.31,0.0
18,10,862,18.03,0.0
18,11,384,17.740000000000002,0.0
18,12,196,20.375,0.0
18,13,119,16.735,0.0
18,14,952,15.86,0.0
18,15,663,19.465,0.0
18,16,362,18.73,0.0
18,17,271,17.055,0.0
18,18,879,18.805,0.0
18,19,720,15.355,0.0
18,20,978,21.83,0.0
19,1,800,15.165,0.0
19,2,565,16.355,0.0
19,3,343,16.895,0.0
19,4,245,15.129999999999999,0.0
19,5,834,18.485,0.0
19,6,259,16.465,0.0
19,7,935,11.14,0.0
19,8,599,16.35,0.0
19,9,732,16.65,0.0
19,10,233,15.515,0.0
19,11,309,15.965,0.0
19,12,174,15.715,0.0
19,13,552,17.275,0.0
19,14,793,13.58,0.0
19,15,258,16.705,0.0
19,16,491,15.96,0.0
19,17,587,10.055,0.05
19,18,453,14.265,0.0
19,19,930,15.379999999999999,0.0
19,20,822,16.59,0.0
19,21,816,15.735,0.0
19,22,178,17.335,0.0
19,23,268,16.935000000000002,0.0
19,24,151,10.27,0.0
19,25,348,15.66,0.0
19,26,872,15.995000000000001,0.0
19,27,369,17.13,0.0
19,28,172,14.899999999999999,0.0
19,29,479,15.715,0.0
19,30,427,11.434999999999999,0.05
19,31,824,15.67,0.0
19,32,136,17.65,0.0
19,33,717,16.265,0.02
19,34,141,15.68,0.0
19,35,809,16.985,0.0
19,36,605,13.785,0.0
19,37,742,15.885,0.0
19,38,190,15.555,0.01
19,39,839,14.635,0.0
19,40,632,17.185000000000002,0.0
19,41,699,16.675,0.0
19,42,154,17.185000000000002,0.0
19,43,308,10.399999999999999,0.025
19,44,725,15.844999999999999,0.0
19,45,209,15.05,0.0
19,46,54,16.58,0.0
19,47,681,14.7,0.0
19,48,111,12.78,0.0
19,49,150,12.100000000000001,0.0
19,50,622,17.125,0.0
19,51,248,15.395,0.0
20,1,406,13.745000000000001,1.495
20,2,937,23.92,0.29000000000000004
20,3,905,17.63,0.365
20,4,163,17.89,0.53
20,5,822,25.345,4.635
20,6,732,16.064999999999998,1.11
20,7,195,20.18,0.12000000000000001
20,8,664,24.064999999999998,0.04
20,9,10,20.73,1.75
20,10,818,23.935,5.785
20,11,388,22.415,0.01
20,12,375,25.08,0.0
20,13,267,18.125,0.38
20,14,692,25.575,3.3249999999999997
20,15,252,19.79,0.39
20,16,17,20.84,0.0
20,17,519,19.365000000000002,0.195
20,18,640,16.68,0.62
20,19,657,16.990000000000002,2.675
20,20,457,21.48,0.0
20,21,434,23.700000000000003,0.105
20,22,395,20.075000000000003,0.335
20,23,361,17.215,0.25
20,24,529,17.195,1.65
20,25,421,29.195,0.0
20,26,676,18.775,0.015
20,27,101,16.5,1.335
20,28,349,19.75,0.5800000000000001
20,29,10,17.9,0.345
20,30,490,26.955,0.415
20,31,815,16.36,0.43999999999999995
20,32,783,24.744999999999997,0.125
20,33,261,15.265,0.315
20,34,497,23.86,0.055
20,35,918,12.969999999999999,0.77
20,36,121,21.945,2.035
20,37,313,22.520000000000003,0.0
20,38,654,15.46,0.435
20,39,118,20.86,0.4
20,40,467,17.115000000000002,0.875
20,41,538,17.91,0.565
20,42,551,15.975,1.975
20,43,32,27.765,1.175
20,44,284,23.16,2.2649999999999997
20,45,325,14.375,0.215
20,46,387,16.924999999999997,0.605
20,47,536,16.195,0.675
20,48,882,16.34,0.19
20,49,161,19.369999999999997,0.46499999999999997
20,50,797,16.4,0.12
20,51,443,18.005,0.68
20,52,985,23.759999999999998,0.035
20,53,203,26.35,0.425
20,54,71,16.445,0.725
20,55,701,23.975,0.095
20,56,320,24.310000000000002,0.0
20,57,916,23.445,8.69
20,58,236,17.655,1.155
20,59,697,18.495,0.385
20,60,418,15.765,0.515
20,61,951,18.47,0.13
20,62,550,13.23,0.54
20,63,643,14.97,0.295
20,64,730,20.625,0.72
20,65,314,20.915,0.015
20,66,810,26.84,0.43
20,67,375,15.97,0.36
20,68,20,19.0,0.595
20,69,354,19.3,0.25
20,70,283,23.62,0.015
20,71,881,24.29,0.0
20,72,440,19.515,0.54
20,73,190,21.035,0.0
20,74,33,15.495000000000001,0.685
20,75,171,27.845,0.0
20,76,326,22.59,0.0
20,77,625,14.97,0.295
20,78,209,16.8,0.42000000000000004
20,79,926,28.42,0.055
20,80,309,19.564999999999998,0.09
20,81,574,20.775,0.030000000000000002
20,82,483,23.13,0.035
20,83,305,17.045,0.365
20,84,916,14.61,0.4
20,85,97,23.735,0.01
20,86,187,16.909999999999997,0.065
20,87,102,15.56,0.365
20,88,134,21.305,0.0
20,89,449,18.604999999999997,0.39
20,90,890,23.75,0.02
20,91,361,15.56,0.365
20,92,748,15.82,0.085
20,93,649,16.25,0.51
20,94,743,15.370000000000001,0.38
20,95,194,18.155,0.02
20,96,439,16.125,0.9500000000000001
20,97,316,14.77,0.595
20,98,981,19.189999999999998,2.1399999999999997
20,99,18,24.34,0.0
20,100,916,15.655000000000001,0.77
20,101,66,19.17,0.135
20,102,375,14.989999999999998,0.31
20,103,780,18.935000000000002,0.5249999999999999
20,104,485,15.815,0.16
20,105,618,17.695,0.175
20,106,209,16.200000000000003,0.6699999999999999
20,107,238,16.47,0.335
20,108,786,16.11,0.15
20,109,205,17.985,0.36
20,110,219,17.415,0.05
20,111,107,23.615000000000002,0.0
20,112,582,19.285,0.78
20,113,419,23.91,0.0
20,114,631,15.05,0.455
20,115,690,17.479999999999997,0.4
20,116,50,18.785,0.875
20,117,703,25.015,0.0
20,118,346,17.595,0.225
20,119,379,16.8,0.0
20,120,515,14.2,0.375
20,121,414,15.990000000000002,1.01
20,122,983,20.53,0.315
20,123,234,17.05,0.275
20,124,550,27.65,0.21500000000000002
20,125,404,20.735,1.35
20,126,360,16.175,0.485
20,127,786,16.18,0.14
20,128,296,15.93,0.7949999999999999
20,129,63,15.975,0.7949999999999999
20,130,439,28.035,0.095
20,131,162,19.235,0.9450000000000001
20,132,292,19.225,0.58
20,133,27,18.405,0.01
20,134,19,21.549999999999997,0.845
20,135,213,15.595,0.295
20,136,181,18.4,2.52
20,137,450,18.495,0.06
20,138,181,14.8,0.33999999999999997
20,139,470,16.935000000000002,1.7850000000000001
20,140,11,16.525,0.685
20,141,566,28.845,0.03
20,142,984,17.435,0.32499999999999996
20,143,94,28.505000000000003,0.015
20,144,199,16.71,0.6
20,145,387,16.549999999999997,0.475
20,146,896,16.62,0.485
20,147,25,16.555,0.48
20,148,185,20.78,0.09
20,149,976,19.365000000000002,0.065
20,150,250,14.93,0.835
20,151,406,16.765,0.565
20,152,191,22.035,0.005
20,153,539,23.975,0.025
20,154,192,16.615000000000002,0.26
20,155,432,18.625,0.075
20,156,19,16.445,1.085
20,157,252,16.12,0.31
20,158,908,21.075000000000003,0.0
20,159,51,21.215,0.01
20,160,701,21.814999999999998,0.14
20,161,796,15.575,1.0
20,162,796,19.525,0.6699999999999999
20,163,909,17.634999999999998,0.41000000000000003
20,164,90,23.049999999999997,0.0
20,165,456,23.4,0.25
20,166,921,22.3,1.575
20,167,329,16.685000000000002,0.19
20,168,241,24.740000000000002,0.0
20,169,958,21.564999999999998,0.33499999999999996
20,170,716,17.115000000000002,0.955
20,171,80,20.29,0.59
20,172,359,16.215,0.32
20,173,22,13.600000000000001,1.51
20,174,542,17.045,0.365
20,175,21,14.9,2.18
20,176,732,16.055,1.31
20,177,966,16.89,2.365
20,178,316,13.8,0.335
20,179,514,14.335,0.8500000000000001
20,180,680,24.46,0.0
20,181,369,17.865000000000002,0.535
20,182,385,18.225,2.34
20,183,46,23.240000000000002,0.02
20,184,566,22.96,1.7650000000000001
20,185,785,23.725,0.0
20,186,844,25.130000000000003,0.08
20,187,469,18.115000000000002,0.615
20,188,419,23.255000000000003,0.01
20,189,502,18.2,1.015
20,190,75,22.08,2.245
20,191,114,12.885,0.56
20,192,797,18.405,0.5449999999999999
20,193,487,13.91,0.555
20,194,564,17.825000000000003,0.5
20,195,63,16.66,0.31
20,196,343,13.015,0.9650000000000001
20,197,776,16.990000000000002,0.555
20,198,50,22.91,8.915
20,199,749,24.525,0.060000000000000005
20,200,44,19.155,0.185
20,201,227,14.175,0.725
20,202,843,21.630000000000003,0.02
20,203,613,19.98,0.745
20,204,566,20.59,0.5
20,205,84,21.565,1.815
20,206,857,18.335,0.895
20,207,636,21.740000000000002,4.640000000000001
20,208,137,18.075000000000003,0.045000000000000005
20,209,17,15.965,0.475
20,210,921,17.6,0.10500000000000001
20,211,237,20.705,0.15
20,212,390,18.19,1.21
20,213,483,21.15,0.025
20,214,508,15.465,2.475
20,215,835,16.325000000000003,0.81
20,216,789,15.030000000000001,0.59
20,217,311,16.52,0.36
20,218,26,17.88,0.055
20,219,409,17.795,0.5700000000000001
20,220,156,16.13,2.9
20,221,780,16.03,0.8
20,222,918,15.675,1.35
20,223,233,15.945,0.9450000000000001
20,224,951,15.975,0.99
20,225,663,23.435000000000002,0.02
20,226,22,17.675,0.645
20,227,744,15.555,0.28
20,228,891,17.745,0.33499999999999996
20,229,553,19.905,0.015
20,230,89,22.325,0.0
20,231,227,20.085,0.5
20,232,347,22.064999999999998,1.54
20,233,53,18.0,0.69
20,234,390,17.755,0.52
20,235,173,18.885,0.8049999999999999
20,236,529,21.65,0.03
20,237,338,21.675,0.11
20,238,804,19.505,0.335
20,239,997,16.665,0.18
20,240,525,18.58,0.0
20,241,678,19.17,0.135
20,242,308,20.509999999999998,0.0
20,243,279,18.23,0.48
20,244,600,17.975,0.48000000000000004
20,245,766,23.619999999999997,0.035
20,246,424,15.225000000000001,0.33499999999999996
20,247,501,13.23,0.54
20,248,92,28.585,0.015
20,249,371,17.745,0.44
20,250,631,16.445,0.725
20,251,651,24.47,0.0
20,252,444,17.295,0.065
20,253,387,23.21,0.0
20,254,447,19.740000000000002,0.065
20,255,354,18.189999999999998,0.08499999999999999
20,256,713,16.195,0.7350000000000001
20,257,598,15.355,0.535
20,258,444,16.285,0.25
20,259,116,24.11,0.04
20,260,720,13.75,1.2000000000000002
20,261,138,23.615000000000002,0.175
20,262,433,14.52,0.36
20,263,670,20.375,0.025
20,264,616,16.11,1.14
20,265,924,23.424999999999997,2.24
20,266,571,25.17,0.07
20,267,501,12.805,0.5549999999999999
20,268,379,19.64,0.275
20,269,835,18.075,0.03
20,270,31,16.814999999999998,1.48
20,271,361,17.005000000000003,0.135
20,272,281,22.495,0.05
20,273,789,15.344999999999999,0.20500000000000002
20,274,276,17.299999999999997,0.11499999999999999
20,275,604,19.46,0.625
20,276,140,16.61,2.225
20,277,433,18.875,0.15
20,278,756,23.585,0.5
20,279,949,20.17,0.05
20,280,456,15.21,0.775
20,281,871,16.445,0.725
20,282,889,25.215,0.02
20,283,642,16.27,0.975
20,284,826,19.2,0.71
20,285,103,24.02,0.005
20,286,103,20.064999999999998,0.01
20,287,480,16.05,0.735
20,288,116,14.205,0.74
20,289,745,19.34,0.12
20,290,771,24.155,0.060000000000000005
20,291,37,21.485,0.01
20,292,877,16.385,0.22999999999999998
20,293,165,15.475,0.315
20,294,118,14.34,0.55
20,295,66,18.244999999999997,0.35500000000000004
20,296,273,13.905,1.755
20,297,129,18.195,0.04
20,298,318,16.485,0.64
20,299,281,14.975,0.30500000000000005
20,300,517,23.22,0.0
20,301,552,19.0,0.435
20,302,266,23.295,0.005
20,303,467,14.975,0.30500000000000005
20,304,880,15.934999999999999,1.15
20,305,235,26.97,0.2
20,306,158,21.105,0.02
20,307,543,27.259999999999998,0.0
20,308,772,28.34,0.005
20,309,330,22.375,0.515
20,310,396,16.575000000000003,0.26
20,311,950,16.965,1.7999999999999998
20,312,433,23.67,0.0
20,313,581,17.049999999999997,1.7999999999999998
20,314,43,19.96,0.005
20,315,718,19.18,0.51
20,316,531,18.159999999999997,1.35
20,317,131,16.869999999999997,0.19
20,318,414,25.595,0.02
20,319,931,17.235,0.255
20,320,496,17.68,0.02
20,321,853,16.909999999999997,0.625
20,322,689,17.745,0.33499999999999996
20,323,725,18.91,0.2
20,324,442,27.36,0.0
20,325,756,19.545,0.575
20,326,597,17.145,2.6799999999999997
20,327,846,28.619999999999997,0.0
20,328,923,19.725,0.74
20,329,689,17.735,0.14
20,330,957,18.630000000000003,1.72
20,331,115,16.445,0.395
20,332,669,16.265,0.41
20,333,492,19.715,1.17
20,334,94,25.005,0.05
20,335,421,14.25,1.19
20,336,333,15.254999999999999,2.1399999999999997
20,337,914,16.075,0.37
20,338,623,14.97,0.295
20,339,703,16.2,0.69
20,340,177,19.21,0.5
20,341,554,16.105,0.515
20,342,358,17.66,0.34
20,343,391,16.549999999999997,0.475
20,344,681,23.009999999999998,0.0
20,345,383,24.064999999999998,0.0
20,346,104,16.975,0.20500000000000002
20,347,433,17.46,0.175
20,348,175,20.009999999999998,0.005
20,349,105,17.3,0.45999999999999996
20,350,765,16.225,0.375
20,351,252,19.215,0.175
20,352,487,23.310000000000002,0.12
20,353,898,18.744999999999997,0.02
20,354,60,17.745,0.33499999999999996
20,355,933,16.65,1.775
20,356,170,16.134999999999998,0.5
20,357,883,20.575000000000003,0.32
20,358,379,17.935000000000002,0.29
20,359,90,13.33,0.895
20,360,351,18.495,0.11
20,361,337,15.905000000000001,0.405
20,362,274,18.009999999999998,0.08
20,363,69,13.91,0.585
20,364,855,22.41,0.05
20,365,389,13.635,0.435
20,366,337,22.585,0.005
20,367,344,23.77,0.045
20,368,381,19.045,0.67
20,369,497,18.125,0.38
20,370,737,16.185000000000002,0.155
20,371,238,18.035,0.01
20,372,11,19.0,0.0
20,373,268,16.77,0.56
20,374,204,17.740000000000002,0.42500000000000004
20,375,684,16.47,0.335
20,376,402,22.11,0.01
20,377,198,21.634999999999998,0.0
20,378,273,16.89,0.215
20,379,665,17.994999999999997,0.0
20,380,173,17.125,0.52
20,381,551,24.155,0.060000000000000005
20,382,761,18.810000000000002,0.025
20,383,934,16.185,0.075
20,384,866,18.605,0.13
20,385,610,17.2,0.305
20,386,995,22.285,0.04
20,387,694,18.66,0.39
20,388,434,17.14,0.22
20,389,45,18.96,0.46
20,390,861,16.47,0.335
20,391,49,19.405,0.025
20,392,848,19.785,0.0
20,393,109,19.18,0.51
20,394,779,18.814999999999998,0.61
20,395,587,16.42,1.4649999999999999
20,396,119,17.345,0.555
20,397,795,17.240000000000002,0.115
20,398,909,18.49,0.23500000000000001
20,399,494,16.2,0.27
20,400,467,18.32,0.525
20,401,628,26.75,0.005
20,402,688,24.745,0.0
20,403,115,17.479999999999997,0.4
20,404,62,16.01,0.95
20,405,457,17.27,0.36
20,406,556,20.41,0.355
20,407,266,21.955,7.79
20,408,638,16.44,0.145
20,409,391,16.225,0.375
20,410,793,22.56,0.2
20,411,883,16.549999999999997,0.475
20,412,334,23.16,2.73
20,413,41,27.5,0.0
20,414,689,24.990000000000002,0.035
20,415,869,23.090000000000003,0.0
20,416,685,17.085,1.475
20,417,453,21.86,2.31
20,418,303,24.75,0.54
20,419,132,13.035,0.985
20,420,867,15.82,0.135
20,421,304,26.975,0.185
20,422,202,15.95,0.9750000000000001
20,423,544,16.205000000000002,0.385
20,424,198,19.975,0.12
20,425,85,16.475,2.9
20,426,655,15.045,0.265
20,427,420,23.405,8.8
20,428,507,18.69,0.345
20,429,613,18.98,0.03
20,430,434,17.41,0.08
20,431,427,17.884999999999998,1.415
20,432,977,16.415,0.94
20,433,477,22.64,0.0
20,434,362,17.634999999999998,0.41000000000000003
20,435,682,16.77,0.19
20,436,171,16.995,1.625
20,437,313,15.985,0.5650000000000001
20,438,536,16.795,2.23
20,439,701,27.575,0.0
20,440,542,22.69,0.09999999999999999
20,441,885,27.935000000000002,0.215
20,442,912,14.2,0.375
20,443,203,14.075,0.395
20,444,621,19.130000000000003,0.015
20,445,288,17.65,0.03
20,446,471,19.595,0.0
20,447,345,22.5,0.0
20,448,569,20.04,0.034999999999999996
20,449,536,19.564999999999998,1.35
20,450,770,21.735,0.005
20,451,820,16.33,1.345
20,452,989,18.945,0.5249999999999999
20,453,483,27.985,0.0
20,454,516,17.645,0.5
20,455,366,23.625,0.20500000000000002
20,456,940,20.6,0.265
20,457,112,17.715,1.415
20,458,863,16.665,2.465
20,459,48,19.049999999999997,0.42000000000000004
20,460,378,19.439999999999998,1.71
20,461,843,20.68,0.0
20,462,903,18.77,0.465
20,463,158,15.765,0.995
20,464,926,16.295,0.7350000000000001
20,465,77,20.64,0.8500000000000001
20,466,278,22.65,0.03
20,467,330,25.015,0.05
20,468,400,21.04,1.905
20,469,716,20.369999999999997,0.005
20,470,966,21.725,1.355
20,471,903,15.47,0.9550000000000001
20,472,199,25.22,2.0300000000000002
20,473,467,14.440000000000001,0.365
20,474,948,24.54,0.0
20,475,266,18.365,0.7849999999999999
20,476,282,19.525,0.465
20,477,62,20.515,0.01
20,478,405,15.21,1.49
20,479,185,16.205000000000002,0.585
20,480,495,16.905,0.115
20,481,954,18.990000000000002,0.0
20,482,698,24.715,0.015
20,483,817,14.79,0.365
20,484,919,24.009999999999998,0.08
20,485,636,25.485,0.0
20,486,253,16.075000000000003,0.72
20,487,600,15.254999999999999,0.61
20,488,548,16.09,0.7849999999999999
20,489,362,23.515,0.05
20,490,487,17.23,0.315
20,491,554,18.38,0.07
20,492,639,17.21,0.375
20,493,543,16.325000000000003,0.81
20,494,376,15.219999999999999,0.085
20,495,839,22.8,0.0
20,496,249,13.635,0.525
20,497,895,21.93,0.025
20,498,925,23.01,1.9849999999999999
20,499,761,16.455,0.285
20,500,883,19.77,0.035
20,501,971,22.805,0.02
20,502,428,18.465,0.96
20,503,795,14.8,0.33999999999999997
20,504,837,13.52,0.525
20,505,839,26.035,1.165
20,506,115,15.45,0.31
20,507,918,25.155,0.0
20,508,658,25.7,1.385
20,509,760,26.92,0.0
20,510,405,19.475,0.005
20,511,54,15.325,0.31999999999999995
20,512,415,18.025,0.16
20,513,504,22.985,4.435
20,514,688,16.62,0.875
20,515,171,27.189999999999998,1.025
20,516,517,19.945,0.02
20,517,724,17.564999999999998,0.35500000000000004
20,518,680,16.41,0.585
20,519,566,15.870000000000001,0.425
20,520,326,22.034999999999997,0.05
20,521,513,15.945,0.89
20,522,624,15.065,0.30500000000000005
20,523,584,16.085,0.895
20,524,51,18.275,0.27
20,525,862,26.47,0.07500000000000001
20,526,569,23.785,0.045
20,527,409,16.935000000000002,2.675
20,528,644,19.545,0.0
20,529,112,22.855,0.07
20,530,712,18.225,0.615
20,531,534,15.18,0.29
20,532,393,18.73,0.01
20,533,317,18.240000000000002,0.005
20,534,385,19.305,0.04
20,535,28,17.655,0.115
20,536,126,16.26,0.49
20,537,828,21.725,0.025
20,538,459,17.895,0.215
20,539,181,15.555,0.28
20,540,790,16.865,0.55
20,541,678,15.01,0.9550000000000001
20,542,648,19.875,0.22
20,543,929,22.955,0.05
20,544,722,13.45,0.71
20,545,224,17.865000000000002,0.53
20,546,497,15.399999999999999,0.505
20,547,374,16.54,0.6
20,548,140,17.265,0.725
20,549,184,19.490000000000002,0.2
20,550,577,15.969999999999999,0.505
20,551,684,18.22,0.635
20,552,632,16.275,0.675
20,553,233,15.515,0.44
20,554,612,16.715,0.905
20,555,381,18.125,0.38
20,556,582,16.200000000000003,0.6699999999999999
20,557,523,27.0,0.315
20,558,447,17.439999999999998,2.175
20,559,16,19.57,2.85
20,560,670,15.379999999999999,0.485
20,561,273,19.45,0.8300000000000001
20,562,709,16.41,0.585
20,563,290,19.46,0.025
20,564,858,17.985,0.16
20,565,964,17.645,0.34
20,566,655,19.134999999999998,0.065
20,567,667,24.82,0.06
20,568,390,21.2,0.245
20,569,614,15.989999999999998,0.495
20,570,28,17.18,0.375
21,1,529,12.24,0.115
21,2,40,17.275,0.055
21,3,459,24.285,0.22999999999999998
21,4,687,12.855,0.04
21,5,695,18.1,0.025
21,6,328,11.33,0.135
21,7,718,23.445,0.075
21,8,863,9.48,0.075
21,9,140,25.189999999999998,0.13
21,10,200,16.9,0.9
21,11,217,26.52,0.03
21,12,358,11.025,0.095
21,13,747,18.439999999999998,0.5700000000000001
21,14,23,12.695,0.05
21,15,499,13.11,0.07
21,16,537,7.965,0.15000000000000002
21,17,963,8.065,0.04
21,18,372,17.59,0.705
21,19,198,14.06,0.060000000000000005
21,20,176,16.95,0.07
21,21,577,23.735,0.045
21,22,301,17.12,0.04
21,23,937,9.92,0.18
21,24,724,26.46,0.065
21,25,765,15.055,0.015
21,26,561,6.215,0.025
21,27,874,17.09,0.525
21,28,275,13.15,0.10500000000000001
21,29,464,13.605,0.08
21,30,927,13.15,0.10500000000000001
21,31,208,22.2,0.115
21,32,945,26.09,0.0
21,33,543,17.25,0.025
21,34,500,10.785,0.035
21,35,889,17.57,0.305
21,36,621,17.285,0.25
21,37,734,18.18,0.29
21,38,393,14.815000000000001,0.055
21,39,520,10.58,0.085
21,40,392,14.365,0.05
21,41,686,12.09,0.045
21,42,120,23.66,0.155
21,43,183,13.594999999999999,0.08
21,44,117,8.405000000000001,0.085
21,45,993,10.434999999999999,0.26
21,46,649,14.26,0.885
21,47,672,26.29,0.060000000000000005
21,48,538,5.279999999999999,0.05
21,49,168,10.865,0.1
21,50,555,14.865,0.07
21,51,706,24.17,0.05
21,52,791,19.895,0.08
21,53,690,7.965,0.15000000000000002
21,54,960,8.184999999999999,0.1
21,55,848,21.975,0.31999999999999995
21,56,618,26.655,0.045
21,57,928,10.535,0.095
21,58,499,10.52,0.1
21,59,780,26.07,0.10500000000000001
21,60,336,6.38,0.085
21,61,341,18.95,0.22999999999999998
21,62,241,22.435000000000002,0.045
21,63,859,10.995000000000001,0.21000000000000002
21,64,250,20.205,0.05
21,65,361,12.32,0.1
21,66,246,25.5,0.19
21,67,213,9.870000000000001,0.1
21,68,88,14.77,0.10500000000000001
21,69,23,18.35,0.025
21,70,288,19.64,0.095
21,71,406,11.35,0.135
21,72,689,14.29,0.095
21,73,571,25.495,0.01
21,74,331,6.395,0.095
21,75,406,11.085,0.04
21,76,57,15.24,0.07
21,77,520,13.285,0.04
21,78,443,10.75,0.125
21,79,85,16.78,0.03
21,80,61,12.415,0.0
21,81,853,25.96,0.0
21,82,400,17.835,0.185
21,83,748,7.77,0.15000000000000002
21,84,791,13.42,0.09
21,85,298,24.3,0.07
21,86,89,17.740000000000002,0.07
21,87,326,25.66,0.015
21,88,679,13.74,0.08
21,89,838,16.01,0.095
21,90,250,9.93,0.025
21,91,298,12.35,0.045
21,92,424,16.52,0.675
21,93,421,9.66,0.1
21,94,405,8.955,0.09
21,95,977,19.55,0.01
21,96,297,11.65,0.04
21,97,959,15.195,0.035
21,98,141,17.285,0.19999999999999998
21,99,747,12.66,0.655
21,100,898,12.27,0.085
21,101,11,11.215,0.0
21,102,15,8.26,0.015
21,103,166,14.565000000000001,0.91
21,104,746,11.225000000000001,0.09
21,105,541,8.175,0.03
21,106,547,15.4,0.049999999999999996
21,107,831,14.99,0.0
21,108,239,10.66,0.07500000000000001
21,109,453,11.67,0.06
21,110,526,12.265,0.505
21,111,624,18.740000000000002,0.055
21,112,920,22.38,0.32
21,113,280,26.22,0.15000000000000002
21,114,894,14.615,0.14
21,115,367,12.435,0.21
21,116,538,13.085,0.095
21,117,414,10.879999999999999,0.045
21,118,120,13.66,0.05
21,119,977,13.129999999999999,0.065
21,120,234,16.314999999999998,0.96
21,121,513,19.869999999999997,0.025
21,122,958,4.95,0.0
21,123,579,13.695,0.045
21,124,919,18.175,0.615
21,125,435,12.559999999999999,0.005
21,126,902,11.31,0.055
21,127,264,21.82,0.22499999999999998
21,128,726,10.855,0.05
21,129,203,18.79,0.43500000000000005
21,130,230,11.14,0.11499999999999999
21,131,307,19.159999999999997,0.075
21,132,323,7.025,0.1
21,133,339,22.045,0.035
21,134,209,6.465,0.08499999999999999
21,135,62,20.355,0.41500000000000004
21,136,928,10.785,0.035
21,137,980,10.77,0.08
21,138,870,4.9350000000000005,0.015
21,139,698,24.725,0.19
21,140,202,10.505,0.07500000000000001
21,141,137,24.515,0.24
21,142,827,11.425,0.095
21,143,442,4.745,0.11
21,144,443,13.54,0.065
21,145,625,19.994999999999997,0.25
21,146,482,20.915,0.0
21,147,842,22.18,0.23500000000000001
21,148,652,11.31,0.055
21,149,112,15.57,1.155
21,150,70,19.92,0.05500000000000001
21,151,310,14.815000000000001,0.055
21,152,745,11.940000000000001,0.045
21,153,431,15.885000000000002,0.085
21,154,266,14.18,0.20500000000000002
21,155,698,26.38,0.13
21,156,363,16.53,1.2000000000000002
21,157,70,25.365000000000002,0.14
21,158,412,17.07,0.02
21,159,727,20.525,0.04
21,160,68,24.925,0.005
21,161,455,15.24,1.05
21,162,741,12.05,0.0
21,163,99,11.465,0.15000000000000002
21,164,939,13.29,0.1
21,165,838,20.259999999999998,0.02
21,166,503,20.259999999999998,0.025
21,167,942,10.079999999999998,0.09
21,168,602,21.119999999999997,0.02
21,169,596,19.45,0.20500000000000002
21,170,836,9.48,0.085
21,171,516,16.315,0.025
21,172,784,8.89,0.14500000000000002
21,173,81,9.025,0.0
21,174,620,10.725,0.065
21,175,881,9.385000000000002,0.06
21,176,962,22.085,0.04
21,177,334,14.95,0.7649999999999999
21,178,488,15.059999999999999,0.08
21,179,172,9.655000000000001,0.11
21,180,177,6.22,0.13
21,181,297,9.265,0.035
21,182,43,16.07,0.065
21,183,275,13.02,0.115
21,184,754,13.915,0.1
21,185,698,20.405,0.025
21,186,257,9.47,0.115
21,187,131,14.92,0.095
21,188,336,11.98,0.07500000000000001
21,189,562,15.43,0.08499999999999999
21,190,662,19.775,0.16499999999999998
21,191,334,26.215,0.08
21,192,547,15.57,0.09
21,193,174,17.884999999999998,0.08499999999999999
21,194,955,19.3,0.06
21,195,77,15.835,0.9
21,196,514,21.765,0.205
21,197,297,15.265,0.09
21,198,382,26.520000000000003,0.03
21,199,939,8.585,0.08
21,200,780,8.64,0.08
21,201,143,22.045,0.035
21,202,81,10.735,0.11499999999999999
21,203,983,16.055,0.265
21,204,347,10.18,0.025
21,205,800,14.489999999999998,0.34
21,206,840,21.045,0.145
21,207,898,9.2,0.12000000000000001
21,208,898,9.355,0.15000000000000002
21,209,474,17.355,0.74
21,210,535,12.285,0.11
21,211,983,7.220000000000001,0.06
21,212,975,7.949999999999999,0.15000000000000002
21,213,433,17.475,0.085
21,214,754,18.105,0.44
21,215,346,11.215,0.07
21,216,63,13.8,0.0
21,217,178,17.285,0.37
22,1,625,10.645,0.0
22,2,69,14.844999999999999,0.1
22,3,247,13.855,0.01
22,4,302,14.215,0.125
22,5,811,13.575,0.065
22,6,51,15.17,0.0
22,7,828,13.765,0.055
22,8,802,12.86,0.0
22,9,64,15.79,0.055
22,10,306,15.370000000000001,0.034999999999999996
22,11,566,13.975000000000001,0.060000000000000005
22,12,560,13.315000000000001,0.0
22,13,377,12.41,0.1
22,14,739,15.14,0.02
22,15,272,15.485,0.10500000000000001
22,16,290,12.25,0.0
22,17,632,13.870000000000001,0.015
22,18,426,13.235,0.1
23,1,331,24.615000000000002,0.0
23,2,778,24.07,0.0
23,3,802,24.4,0.01
23,4,763,25.25,0.165
23,5,615,24.27,0.05
23,6,548,23.5,0.0
23,7,505,23.15,0.02
23,8,900,24.2,0.015
23,9,346,24.189999999999998,0.0
23,10,587,24.105,0.035
23,11,971,24.27,0.05
24,1,466,11.225,0.0
24,2,453,15.405000000000001,0.0
24,3,885,17.93,0.0
24,4,160,12.515,0.02
24,5,321,15.905000000000001,0.0
24,6,725,13.665,0.0
24,7,338,14.22,0.0
24,8,66,15.345,0.01
24,9,234,11.684999999999999,0.005
24,10,335,16.705,0.0
24,11,367,15.6,0.05
24,12,830,18.575,0.0
24,13,452,19.875,0.0
24,14,868,17.895,0.0
24,15,666,12.489999999999998,0.0
24,16,735,22.47,0.0
24,17,922,15.600000000000001,0.0
24,18,172,16.450000000000003,0.0
24,19,942,15.57,0.005
24,20,920,14.955,0.0
24,21,619,11.280000000000001,0.0
24,22,354,12.875,0.0
24,23,334,16.075,0.0
24,24,122,16.39,0.05
24,25,177,11.66,0.0
24,26,481,20.060000000000002,0.0
24,27,773,13.265,0.060000000000000005
24,28,237,11.91,0.015
24,29,494,20.055,0.005
24,30,482,13.434999999999999,0.05
24,31,95,15.94,0.0
24,32,453,12.485,0.07
24,33,359,12.67,0.0
24,34,750,21.585,0.0
24,35,989,11.74,0.0
24,36,720,16.84,0.0
24,37,840,17.965,0.02
24,38,74,19.585,0.0
24,39,29,20.225,0.0
24,40,178,21.509999999999998,0.0
24,41,125,20.665,0.0
24,42,581,20.835,0.0
24,43,526,11.54,0.05
24,44,262,14.01,0.0
24,45,996,13.18,0.0
24,46,545,11.08,0.06
24,47,89,14.620000000000001,0.0
24,48,997,13.915,0.0
24,49,634,11.965,0.0
24,50,503,12.425,0.095
24,51,775,13.69,0.0
24,52,517,16.630000000000003,0.03
24,53,473,17.82,0.0
24,54,61,15.72,0.0
24,55,881,11.9,0.05
24,56,848,13.870000000000001,0.0
24,57,289,17.845,0.0
24,58,418,17.310000000000002,0.0
25,1,552,17.29,0.0
25,2,430,17.28,0.0
25,3,846,15.8,0.0
25,4,293,16.05,0.0
25,5,526,15.965,0.0
25,6,27,15.715,0.0
25,7,729,20.48,0.0
25,8,31,15.719999999999999,0.0
25,9,510,17.174999999999997,0.0
25,10,30,19.395,0.0
25,11,10,17.725,0.0
25,12,732,16.52,0.0
25,13,799,16.625,0.0
25,14,681,16.92,0.0
25,15,239,16.445,0.0
25,16,355,15.24,0.0
25,17,309,18.705,0.0
25,18,616,15.805,0.0
26,1,959,16.994999999999997,0.0
26,2,106,13.190000000000001,0.0
26,3,350,18.01,0.0
26,4,285,16.97,0.0
26,5,842,12.765,0.0
26,6,126,15.055,0.0
26,7,446,17.175,0.0
26,8,689,13.934999999999999,0.0
26,9,498,14.805,0.0
26,10,52,11.79,0.0
26,11,959,14.559999999999999,0.0
26,12,707,17.945,0.0
26,13,959,16.115000000000002,0.0
26,14,270,17.200000000000003,0.0
26,15,829,13.73,0.0
26,16,52,17.835,0.0
26,17,349,16.83,0.0
26,18,702,16.625,0.0
26,19,732,13.12,0.0
26,20,332,19.23,0.0
26,21,53,17.65,0.0
26,22,322,16.0,0.0
26,23,95,15.485,0.0
26,24,269,16.275,0.0
26,25,458,20.755000000000003,0.0
26,26,310,15.28,0.0
26,27,22,14.0,0.0
26,28,997,15.82,0.0
26,29,330,19.705,0.0
26,30,983,18.935000000000002,0.0
26,31,499,11.485,0.0
26,32,809,15.485,0.0
26,33,301,17.03,0.0
26,34,476,16.505,0.0
26,35,373,15.315000000000001,0.0
26,36,928,16.435000000000002,0.0
26,37,906,16.755000000000003,0.0
26,38,110,16.740000000000002,0.0
26,39,202,12.530000000000001,0.0
26,40,730,12.175,0.0
26,41,739,14.235,0.0
26,42,38,16.15,0.0
26,43,550,14.71,0.0
26,44,703,14.25,0.0
26,45,27,17.72,0.0
26,46,21,17.155,0.0
26,47,54,17.545,0.0
26,48,327,17.575,0.0
26,49,757,14.77,0.0
26,50,828,18.055,0.0
26,51,698,13.79,0.0
26,52,239,12.719999999999999,0.0
26,53,381,16.92,0.0
26,54,615,15.285,0.0
26,55,582,19.130000000000003,0.0
26,56,713,19.505,0.0
26,57,830,16.174999999999997,0.0
26,58,338,17.125,0.0
26,59,655,13.365,0.0
26,60,565,16.475,0.0
26,61,513,15.094999999999999,0.0
26,62,942,16.435,0.0
26,63,936,16.424999999999997,0.0
26,64,273,17.01,0.0
26,65,886,16.86,0.0
26,66,127,18.045,0.0
26,67,297,14.815000000000001,0.0
26,68,121,16.54,0.0
26,69,904,10.405000000000001,0.0
26,70,869,16.665,0.0
26,71,556,15.65,0.0
26,72,849,20.26,0.0
27,1,914,22.71,1.7
27,2,763,24.795,2.4000000000000004
27,3,776,23.915,0.55
27,4,359,24.535,0.915
27,5,442,23.314999999999998,1.2000000000000002
27,6,261,24.810000000000002,1.245
27,7,127,22.075000000000003,0.265
27,8,597,24.585,2.4000000000000004
27,9,337,23.025,0.305
27,10,602,24.9,0.835
27,11,965,22.82,0.305
27,12,14,23.52,0.26
27,13,204,24.755,0.8
27,14,411,24.005000000000003,1.02
27,15,533,20.645000000000003,0.385
27,16,34,21.81,0.44499999999999995
27,17,110,22.89,1.8499999999999999
28,1,385,20.604999999999997,0.0
28,2,875,21.89,0.1
28,3,632,23.064999999999998,0.045
28,4,799,19.72,0.0
28,5,98,17.595,0.0
28,6,973,12.64,0.0
28,7,156,16.6,0.0
28,8,769,18.884999999999998,0.005
28,9,225,24.33,0.049999999999999996
28,10,741,18.54,0.0
28,11,646,17.22,0.0
28,12,787,21.380000000000003,0.0
28,13,648,18.375,0.0
28,14,232,18.064999999999998,0.0
28,15,824,16.61,0.0
28,16,401,16.535,0.0
28,17,758,12.665,0.0
28,18,619,19.58,0.0
28,19,517,17.685,0.0
28,20,135,15.4,0.0
28,21,655,20.91,0.0
28,22,31,19.77,0.0
28,23,948,17.625,0.0
28,24,226,17.345,0.0
28,25,822,16.93,0.0
28,26,38,10.305,0.0
28,27,767,18.46,0.0
28,28,607,19.21,0.0
28,29,805,17.255,0.0
28,30,507,19.69,0.0
28,31,393,12.46,0.0
28,32,819,16.619999999999997,0.0
28,33,491,16.83,0.0
28,34,478,17.84,0.0
28,35,708,20.384999999999998,0.0
28,36,322,16.490000000000002,0.0
28,37,438,21.83,0.05
28,38,591,23.994999999999997,0.04
28,39,702,15.620000000000001,0.0
28,40,78,17.47,0.0
28,41,545,16.465,0.0
28,42,818,17.42,0.0
28,43,972,20.240000000000002,0.0
29,1,616,9.985,0.025
29,2,595,10.355,0.0
29,3,931,8.635,0.055
29,4,60,8.969999999999999,0.060000000000000005
29,5,746,9.329999999999998,0.0
29,6,180,9.29,0.04
29,7,756,10.375,0.045
29,8,397,9.89,0.045000000000000005
29,9,529,9.61,0.0
29,10,463,10.45,0.13
29,11,613,9.045,0.0
29,12,514,8.175,0.060000000000000005
29,13,619,9.345,0.15000000000000002
29,14,411,9.375,0.045000000000000005
29,15,166,8.385000000000002,0.07
29,16,567,10.41,0.15000000000000002
29,17,803,11.594999999999999,0.04
29,18,550,9.985,0.025
29,19,936,7.859999999999999,0.0
29,20,474,8.315000000000001,0.045
29,21,476,8.055,0.025
29,22,512,11.825,0.0
29,23,368,8.93,0.03
29,24,958,10.045,0.065
29,25,657,12.215,0.0
29,26,90,9.985,0.025
29,27,495,12.335,0.04
29,28,812,11.09,0.125
29,29,594,10.85,0.06
29,30,141,7.824999999999999,0.075
29,31,82,8.32,0.09000000000000001
29,32,847,10.25,0.05
29,33,240,10.780000000000001,0.075
29,34,78,8.375,0.12
29,35,271,8.61,0.11
29,36,506,10.629999999999999,0.01
29,37,855,11.004999999999999,0.12
29,38,797,9.21,0.025
29,39,110,8.785,0.11
29,40,238,9.780000000000001,0.005
29,41,470,11.825,0.0
29,42,39,11.455,0.0
29,43,90,9.9,0.0
29,44,904,11.455,0.0
29,45,566,8.925,0.015
29,46,161,7.62,0.08
29,47,929,7.630000000000001,0.08
29,48,35,10.81,0.07
29,49,353,10.030000000000001,0.065
29,50,847,10.48,0.15000000000000002
29,51,488,10.85,0.06
29,52,599,9.545,0.135
29,53,367,10.85,0.06
29,54,572,10.85,0.06
29,55,127,9.3,0.005
29,56,910,8.89,0.025
29,57,938,10.075,0.05
29,58,40,11.825,0.0
29,59,956,11.825,0.0
29,60,935,11.305,0.07
30,1,701,12.265,0.05
30,2,369,15.09,0.0
30,3,908,24.775,3.55
30,4,42,21.805,0.1
30,5,800,23.884999999999998,1.79
30,6,425,13.54,0.62
30,7,98,23.72,0.14500000000000002
30,8,137,12.705,0.09
30,9,558,20.23,0.10500000000000001
30,10,594,11.469999999999999,0.055
30,11,449,24.555,2.205
30,12,515,23.560000000000002,1.8900000000000001
30,13,321,20.759999999999998,0.06
30,14,821,21.675,0.315
30,15,682,21.85,4.71
30,16,899,24.265,0.02
30,17,151,20.805,0.0
30,18,262,11.81,0.245
30,19,699,15.91,0.5
30,20,401,16.185000000000002,0.3
30,21,803,22.549999999999997,0.32499999999999996
30,22,901,15.475000000000001,0.03
30,23,787,14.184999999999999,0.055
30,24,279,19.355,0.1
30,25,737,11.15,0.025
30,26,762,13.92,0.0
30,27,57,18.61,0.09
30,28,35,24.735,0.0
30,29,841,11.475000000000001,0.1
30,30,421,13.77,0.195
30,31,31,24.37,0.27
30,32,80,19.195,6.56
30,33,654,21.3,0.165
30,34,205,20.535,0.01
30,35,368,19.905,0.0
30,36,256,13.54,0.045
30,37,24,17.845,0.08499999999999999
30,38,173,15.0,0.065
30,39,868,24.895,1.625
30,40,782,19.44,0.085
30,41,862,21.1,0.265
30,42,330,19.240000000000002,0.035
30,43,809,22.36,0.16999999999999998
30,44,203,19.475,0.21500000000000002
30,45,238,23.375,1.7449999999999999
30,46,597,15.9,0.07500000000000001
30,47,832,14.635000000000002,0.07
30,48,623,25.075,2.635
30,49,884,24.475,0.165
30,50,71,18.705,0.115
30,51,243,18.505000000000003,0.1
30,52,969,23.6,0.35
30,53,89,24.145,0.35
30,54,460,23.43,2.245
30,55,674,20.235,0.0
30,56,585,20.314999999999998,0.0
30,57,597,16.025,0.035
30,58,851,20.134999999999998,0.030000000000000002
30,59,686,24.88,2.58
30,60,947,21.3,0.065
30,61,547,24.245,2.19
30,62,409,16.605,0.05
30,63,941,20.11,0.01
30,64,304,17.020000000000003,0.0
30,65,98,19.634999999999998,0.08
30,66,559,18.475,0.135
30,67,321,16.515,0.085
30,68,903,18.205,0.125
30,69,655,21.22,0.1
30,70,489,25.08,5.4799999999999995
30,71,384,17.275,0.115
30,72,178,11.91,0.4
30,73,157,22.85,3.535
30,74,465,15.030000000000001,0.17
30,75,105,24.095,1.22
30,76,377,15.46,0.25
30,77,727,23.645000000000003,2.0999999999999996
30,78,272,19.775,0.0
30,79,154,13.399999999999999,0.065
30,80,874,18.935000000000002,0.165
30,81,525,12.594999999999999,0.0
30,82,378,24.840000000000003,1.52
30,83,998,19.25,0.08499999999999999
30,84,767,23.65,1.685
30,85,547,17.68,0.16999999999999998
30,86,510,10.08,0.07500000000000001
30,87,914,15.445,0.01
30,88,559,19.905,0.04
30,89,148,25.49,3.8649999999999998
30,90,710,24.465,0.08
30,91,44,24.195,7.154999999999999
30,92,736,13.34,0.06
30,93,621,15.485,0.045
30,94,180,24.03,2.62
30,95,644,19.115000000000002,0.055
30,96,793,14.649999999999999,0.0
30,97,690,23.130000000000003,3.0549999999999997
30,98,199,17.28,0.09
30,99,488,11.649999999999999,0.245
30,100,490,24.105,0.07
30,101,307,13.105,0.045
30,102,447,18.79,0.05
30,103,70,16.77,0.0
30,104,364,21.505000000000003,5.359999999999999
30,105,97,24.52,0.155
30,106,527,15.09,0.0
30,107,985,10.51,0.05
30,108,777,25.035,3.605
30,109,388,17.61,0.030000000000000002
30,110,723,17.905,0.22500000000000003
30,111,149,24.82,1.47
30,112,933,15.575,0.04
30,113,985,19.884999999999998,0.22
30,114,64,20.62,0.015
30,115,65,13.3,0.195
30,116,692,25.625,3.27
30,117,958,23.535,0.35
30,118,883,15.754999999999999,0.045
30,119,451,23.2,1.495
30,120,263,25.244999999999997,2.125
30,121,736,22.354999999999997,0.14500000000000002
30,122,26,22.625,2.165
30,123,150,22.884999999999998,0.030000000000000002
30,124,935,19.869999999999997,0.14
30,125,816,23.575,0.295
30,126,222,23.53,0.065
30,127,217,10.945,0.125
30,128,613,9.510000000000002,0.07500000000000001
30,129,224,20.299999999999997,0.0
30,130,63,23.37,2.115
30,131,887,19.89,0.055
30,132,425,11.335,0.05
30,133,811,24.049999999999997,0.075
30,134,970,22.575000000000003,0.12000000000000001
30,135,753,17.35,0.125
30,136,124,12.84,0.0
30,137,803,16.79,0.255
30,138,185,14.265,0.05
30,139,480,23.005,2.775
30,140,23,16.345,0.2
30,141,197,21.16,6.42
30,142,750,24.555,4.404999999999999
30,143,449,22.615,4.285
30,144,328,25.075,4.85
30,145,402,25.41,2.9450000000000003
30,146,496,18.32,0.035
30,147,54,15.024999999999999,0.52
30,148,967,23.97,0.1
30,149,873,20.490000000000002,3.8200000000000003
30,150,279,22.605,0.115
30,151,563,22.630000000000003,0.115
30,152,427,24.1,0.15000000000000002
30,153,138,20.025,0.030000000000000002
30,154,314,20.994999999999997,0.065
30,155,191,20.305,0.005
30,156,989,11.52,0.0
30,157,274,20.494999999999997,0.05
30,158,648,21.47,0.135
30,159,963,16.275,0.375
30,160,495,21.134999999999998,0.065
30,161,994,20.78,0.0
30,162,864,19.42,0.08499999999999999
30,163,838,14.34,0.04
30,164,209,17.225,0.04
30,165,877,20.825,0.175
30,166,225,16.895,0.055
30,167,632,20.53,0.005
30,168,495,17.560000000000002,0.18
30,169,949,23.53,2.3499999999999996
30,170,177,14.75,0.335
30,171,268,16.299999999999997,0.315
30,172,854,25.46,5.42
30,173,83,22.595,0.32
30,174,211,24.155,1.2999999999999998
30,175,37,20.43,0.08
30,176,62,23.325,1.845
30,177,214,12.495000000000001,0.05
30,178,520,23.61,2.2
30,179,954,21.38,0.115
30,180,613,16.655,0.20500000000000002
30,181,393,24.314999999999998,0.7799999999999999
30,182,814,13.05,0.0
30,183,670,16.42,0.04
30,184,335,16.02,0.41500000000000004
30,185,644,16.189999999999998,0.14
30,186,281,17.35,0.06
30,187,497,13.955,0.035
30,188,143,18.965,0.105
30,189,957,21.88,0.18
30,190,40,23.42,1.92
30,191,229,23.634999999999998,0.02
30,192,263,21.53,0.08499999999999999
30,193,290,24.450000000000003,0.045
30,194,512,9.79,0.0
30,195,405,15.655000000000001,0.475
30,196,331,23.265,0.18
30,197,922,17.009999999999998,0.02
30,198,839,13.31,0.35
30,199,878,25.29,2.375
30,200,559,22.259999999999998,0.21
30,201,737,19.715,0.275
30,202,639,16.69,0.175
30,203,788,15.975,0.085
30,204,814,24.85,1.995
30,205,913,21.42,0.0
30,206,179,24.77,1.09
30,207,258,23.619999999999997,1.275
30,208,256,23.65,1.87
30,209,683,19.97,4.26
30,210,270,23.770000000000003,5.4399999999999995
30,211,208,20.58,0.01
30,212,306,22.965,1.975
31,1,660,22.87,0.0
31,2,159,23.035,0.0
31,3,809,22.509999999999998,0.0
31,4,785,22.805,0.0
31,5,647,23.16,0.0
31,6,494,22.439999999999998,0.0
31,7,420,23.130000000000003,0.0
31,8,954,22.34,0.0
31,9,953,22.505000000000003,0.0
31,10,444,22.314999999999998,0.0
31,11,702,24.795,0.0
31,12,487,22.575000000000003,0.0
31,13,892,22.994999999999997,0.0
31,14,166,23.22,0.0
31,15,700,23.035,0.0
31,16,823,21.84,0.0
31,17,208,22.96,0.0
31,18,480,22.34,0.0
31,19,281,22.88,0.0
31,20,60,23.07,0.0
31,21,845,23.235,0.04
31,22,525,22.825,0.0
31,23,471,23.72,0.0
31,24,642,22.205,0.0
31,25,121,22.48,0.0
31,26,248,22.605,0.0
31,27,139,22.595,0.0
31,28,746,22.990000000000002,0.0
31,29,190,22.605,0.0
31,30,528,22.89,0.0
31,31,325,22.445,0.0
31,32,269,22.61,0.0
31,33,439,24.925,0.0
31,34,661,23.18,0.0
31,35,64,23.060000000000002,0.0
31,36,723,22.924999999999997,0.0
31,37,27,22.795,0.0
31,38,811,24.225,0.0
31,39,147,23.185,0.0
31,40,713,22.935000000000002,0.0
31,41,728,22.905,0.0
31,42,870,22.86,0.0
31,43,407,23.125,0.0
31,44,863,24.310000000000002,0.0
31,45,674,23.884999999999998,0.0
31,46,441,22.285,0.0
31,47,444,22.415,0.0
31,48,713,24.34,0.0
31,49,80,22.34,0.0
31,50,381,23.105,0.0
31,51,839,22.884999999999998,0.0
31,52,622,22.7,0.0
31,53,651,22.835,0.0
31,54,529,22.92,0.0
31,55,181,23.384999999999998,0.0
31,56,353,22.55,0.0
31,57,718,22.925,0.0
31,58,206,22.295,0.0
31,59,183,24.96,0.115
31,60,977,22.835,0.0
31,61,189,24.064999999999998,0.005
31,62,399,22.665,0.0
31,63,21,23.765,0.0
31,64,656,23.189999999999998,0.0
31,65,529,23.564999999999998,0.0
31,66,630,22.815,0.0
31,67,634,23.17,0.0
31,68,508,22.66,0.0
31,69,593,22.655,0.0
31,70,627,22.67,0.0
31,71,69,22.935000000000002,0.0
31,72,845,22.77,0.0
31,73,712,22.21,0.0
31,74,727,23.16,0.0
31,75,729,22.28,0.0
31,76,685,22.740000000000002,0.0
31,77,190,22.634999999999998,0.0
31,78,764,23.155,0.0
31,79,845,21.78,0.0
31,80,307,22.45,0.0
31,81,633,23.14,0.0
31,82,679,22.295,0.0
31,83,756,22.73,0.0
31,84,383,22.3,0.0
31,85,350,22.67,0.0
31,86,538,22.775,0.0
31,87,88,24.055,0.0
31,88,500,23.11,0.0
31,89,234,22.79,0.0
31,90,650,22.8,0.0
31,91,49,23.0,0.0
31,92,433,23.09,0.02
31,93,345,23.09,0.0
31,94,355,21.97,0.0
31,95,348,23.005000000000003,0.0
31,96,602,22.88,0.025
31,97,778,22.795,0.0
31,98,998,21.740000000000002,0.0
31,99,87,22.955,0.0
31,100,341,23.265,0.0
31,101,461,23.244999999999997,0.0
31,102,883,23.095,0.03
31,103,701,22.95,0.0
31,104,374,22.675,0.0
31,105,201,22.939999999999998,0.0
31,106,171,22.715000000000003,0.0
32,1,108,16.46,0.0
32,2,942,15.925,0.0
32,3,253,14.184999999999999,0.0
32,4,635,14.96,0.0
32,5,594,11.530000000000001,0.0
32,6,260,13.135,0.0
32,7,790,12.8,0.07
32,8,629,12.455,0.0
32,9,212,11.370000000000001,0.0
32,10,101,12.875,0.05
32,11,645,18.23,0.0
32,12,795,10.43,0.0
32,13,45,11.415,0.0
32,14,283,14.685,0.275
32,15,361,14.415,0.0
32,16,830,12.115,0.0
32,17,236,11.565000000000001,0.0
32,18,834,15.530000000000001,0.0
32,19,638,16.075,0.0
32,20,248,12.57,0.0
32,21,406,10.059999999999999,0.0
32,22,635,14.25,0.305
32,23,102,16.625,0.0
32,24,268,12.225,0.0
32,25,736,13.16,0.0
32,26,373,14.09,0.25
32,27,705,13.99,0.25
32,28,798,18.235,0.0
32,29,686,14.14,0.13
32,30,265,14.585,0.0
32,31,922,14.665,0.0
32,32,469,11.23,0.0
32,33,27,17.57,0.0
32,34,842,15.9,0.0
32,35,851,11.76,0.0
32,36,686,12.535,0.0
32,37,225,11.739999999999998,0.0
32,38,637,11.055,0.05
32,39,743,14.024999999999999,0.02
32,40,284,13.76,0.02
32,41,908,12.54,0.0
32,42,333,13.76,0.01
32,43,296,12.81,0.0
32,44,34,14.44,0.0
32,45,283,14.33,0.0
32,46,266,13.495,0.0
32,47,776,16.549999999999997,0.0
32,48,507,14.350000000000001,0.0
32,49,317,13.59,0.01
32,50,267,11.24,0.0
32,51,183,13.775,0.0
32,52,716,12.225000000000001,0.0
32,53,314,11.754999999999999,0.0
32,54,307,10.92,0.0
32,55,605,12.120000000000001,0.0
32,56,91,11.075,0.0
32,57,38,12.035,0.0
32,58,822,15.015,0.0
